Location_HQ,2020,2021,2022,2023,2024,Total_Laid_off
Adelaide,0.0,0.0,0.0,0.0,0.0,0.0
Agoura Hills,0.0,0.0,0.0,123.0,0.0,123.0
Ahmedabad,500.0,0.0,0.0,0.0,0.0,500.0
Alameda,40.0,0.0,0.0,0.0,0.0,40.0
Amsterdam,225.0,0.0,0.0,35.0,90.0,350.0
Ann Arbor,40.0,0.0,0.0,0.0,0.0,40.0
Atlanta,150.0,0.0,1099.0,776.0,89.0,2114.0
Auckland,0.0,0.0,0.0,225.0,0.0,225.0
Austin,486.0,0.0,350.0,2435.0,22165.0,25436.0
Baltimore,0.0,0.0,0.0,150.0,0.0,150.0
Bangkok,0.0,0.0,55.0,0.0,0.0,55.0
Barcelona,0.0,0.0,0.0,250.0,25.0,275.0
Bejing,0.0,0.0,300.0,275.0,0.0,575.0
Belleville,0.0,0.0,0.0,0.0,70.0,70.0
Belo Horizonte,100.0,0.0,227.0,0.0,0.0,327.0
Bend,0.0,0.0,50.0,0.0,0.0,50.0
Bengaluru,5977.0,200.0,7200.0,4227.0,3026.0,20630.0
Berkeley,0.0,0.0,175.0,168.0,0.0,343.0
Berlin,231.0,387.0,2394.0,8832.0,220.0,12064.0
Blumenau,33.0,0.0,0.0,0.0,0.0,33.0
Boise,0.0,0.0,0.0,7200.0,0.0,7200.0
Boston,3750.0,0.0,2991.0,4136.0,3297.0,14174.0
Boulder,4.0,0.0,154.0,100.0,65.0,323.0
Brisbane,0.0,0.0,0.0,50.0,130.0,180.0
Bristol,0.0,0.0,38.0,0.0,0.0,38.0
Brno,0.0,0.0,0.0,0.0,216.0,216.0
Buenos Aires,0.0,0.0,233.0,0.0,140.0,373.0
Burlingame,0.0,0.0,0.0,48.0,0.0,48.0
Burlington,0.0,0.0,47.0,0.0,0.0,47.0
Calgary,0.0,0.0,0.0,208.0,0.0,208.0
Camarillo,200.0,0.0,0.0,0.0,0.0,200.0
Campbell,0.0,0.0,200.0,192.0,0.0,392.0
Cayman Islands,0.0,0.0,0.0,0.0,60.0,60.0
Charleston,0.0,0.0,0.0,0.0,0.0,0.0
Chennai,70.0,0.0,80.0,300.0,115.0,565.0
Chester,0.0,0.0,0.0,40.0,0.0,40.0
Chicago,3030.0,0.0,1870.0,2310.0,0.0,7210.0
Cincinnati,0.0,0.0,30.0,176.0,0.0,206.0
Columbus,0.0,0.0,603.0,246.0,459.0,1308.0
Copenhagen,0.0,0.0,335.0,0.0,79.0,414.0
Coral Gables,0.0,0.0,0.0,0.0,0.0,0.0
Corvallis,0.0,0.0,0.0,0.0,154.0,154.0
Cupertino,0.0,0.0,0.0,0.0,614.0,614.0
Curitiba,62.0,0.0,400.0,0.0,0.0,462.0
Dakar,0.0,0.0,300.0,0.0,0.0,300.0
Dallas,0.0,0.0,41.0,1100.0,20.0,1161.0
Denver,377.0,0.0,18.0,812.0,467.0,1674.0
Detroit,140.0,0.0,960.0,128.0,40.0,1268.0
Dover,0.0,0.0,76.0,0.0,30.0,106.0
Dubai,536.0,0.0,552.0,0.0,0.0,1088.0
Dublin,0.0,0.0,209.0,207.0,335.0,751.0
Durham,0.0,0.0,0.0,0.0,50.0,50.0
Edinburgh,300.0,0.0,0.0,0.0,0.0,300.0
Espoo,0.0,0.0,0.0,0.0,0.0,0.0
Ferdericton,0.0,0.0,57.0,0.0,0.0,57.0
Florianopolis,0.0,0.0,70.0,0.0,0.0,70.0
Forster City,100.0,0.0,0.0,0.0,0.0,100.0
Fort Collins,0.0,0.0,0.0,0.0,80.0,80.0
Frankfurt am Main,0.0,0.0,0.0,200.0,200.0,400.0
Fremont,0.0,0.0,150.0,350.0,170.0,670.0
Fresno,0.0,0.0,0.0,900.0,0.0,900.0
Ghent,0.0,0.0,0.0,0.0,50.0,50.0
Gilroy,0.0,0.0,50.0,0.0,0.0,50.0
Gothenburg,0.0,0.0,72.0,0.0,0.0,72.0
Greenwood Village,0.0,0.0,0.0,0.0,0.0,0.0
Guadalajara,90.0,0.0,0.0,0.0,0.0,90.0
Gurugram,2270.0,0.0,1131.0,1125.0,120.0,4646.0
Haifa,0.0,0.0,0.0,100.0,100.0,200.0
Hamburg,0.0,0.0,94.0,0.0,400.0,494.0
Hartford,0.0,0.0,0.0,0.0,0.0,0.0
Hayward,0.0,0.0,425.0,0.0,0.0,425.0
Helsinki,0.0,0.0,250.0,0.0,0.0,250.0
Hong Kong,700.0,0.0,30.0,0.0,0.0,730.0
Hoofddorp,0.0,0.0,0.0,0.0,0.0,0.0
Huntington Beach,0.0,0.0,1075.0,0.0,0.0,1075.0
Indianapolis,0.0,0.0,5.0,0.0,0.0,5.0
Indonesia,0.0,0.0,0.0,0.0,450.0,450.0
Jakarta,430.0,0.0,1931.0,360.0,200.0,2921.0
Jerusalem,0.0,0.0,142.0,0.0,100.0,242.0
Joinville,191.0,0.0,0.0,0.0,0.0,191.0
Kansas City,0.0,0.0,20.0,80.0,16.0,116.0
Karachi,0.0,0.0,0.0,0.0,0.0,0.0
Karlsruhe,0.0,0.0,0.0,65.0,0.0,65.0
Kfar Saba,0.0,0.0,0.0,60.0,0.0,60.0
Kiel,0.0,0.0,0.0,21.0,0.0,21.0
Kitchener,0.0,0.0,0.0,50.0,0.0,50.0
Krakow,0.0,0.0,0.0,0.0,250.0,250.0
Kuala Lumpur,50.0,0.0,50.0,0.0,0.0,100.0
Lagos,0.0,0.0,970.0,0.0,0.0,970.0
Las Vegas,240.0,0.0,0.0,0.0,0.0,240.0
Leamington Spa,0.0,0.0,0.0,0.0,40.0,40.0
Lehi,0.0,0.0,20.0,0.0,0.0,20.0
Lisbon,80.0,0.0,0.0,0.0,0.0,80.0
Lodz,0.0,0.0,0.0,0.0,45.0,45.0
Logan,0.0,0.0,300.0,0.0,0.0,300.0
London,1178.0,0.0,2663.0,6496.0,5528.0,15865.0
Los Angeles,1751.0,0.0,3102.0,1584.0,3458.0,9895.0
Los Gatos,0.0,0.0,450.0,0.0,0.0,450.0
Madison,44.0,0.0,0.0,100.0,0.0,144.0
Madrid,0.0,0.0,0.0,89.0,29.0,118.0
Malm√∂,0.0,0.0,70.0,0.0,0.0,70.0
Manchester,0.0,0.0,0.0,0.0,0.0,0.0
Melbourne,36.0,0.0,250.0,303.0,0.0,589.0
Memphis,0.0,0.0,0.0,0.0,0.0,0.0
Menlo Park,1309.0,2434.0,12259.0,10150.0,50.0,26202.0
Mexico City,0.0,0.0,80.0,0.0,0.0,80.0
Miami,1000.0,0.0,877.0,50.0,1150.0,3077.0
Milpitas,0.0,0.0,0.0,99.0,31.0,130.0
Milwaukee,35.0,0.0,0.0,0.0,200.0,235.0
Minneapolis,167.0,0.0,0.0,15.0,0.0,182.0
Missoula,30.0,0.0,0.0,0.0,0.0,30.0
Montevideo,0.0,0.0,0.0,0.0,104.0,104.0
Montreal,205.0,0.0,384.0,931.0,680.0,2200.0
Moscow,0.0,0.0,400.0,0.0,0.0,400.0
Mountain View,765.0,0.0,1055.0,13050.0,1669.0,16539.0
Mumbai,530.0,0.0,80.0,180.0,45.0,835.0
Munich,100.0,0.0,20.0,0.0,100.0,220.0
Nairobi,0.0,0.0,349.0,633.0,1060.0,2042.0
Nashik,0.0,0.0,0.0,0.0,19.0,19.0
Nashua,0.0,0.0,0.0,23.0,0.0,23.0
Nashville,154.0,0.0,0.0,60.0,0.0,214.0
Nebraska City,0.0,0.0,59.0,0.0,0.0,59.0
Ness Ziona,0.0,0.0,0.0,0.0,23.0,23.0
New Delhi,530.0,0.0,370.0,0.0,445.0,1345.0
New York,0.0,0.0,0.0,0.0,2276.0,2276.0
New York City,4145.0,900.0,14487.0,4638.0,3784.0,27954.0
Newark,0.0,0.0,0.0,1300.0,400.0,1700.0
Noida,0.0,0.0,0.0,120.0,4500.0,4620.0
North Bethesda,0.0,0.0,142.0,100.0,0.0,242.0
Norwalk,0.0,0.0,0.0,0.0,3103.0,3103.0
Oakland,45.0,0.0,15.0,0.0,15.0,75.0
Orlando,0.0,0.0,0.0,0.0,147.0,147.0
Oslo,0.0,0.0,70.0,0.0,215.0,285.0
Ottawa,0.0,0.0,1000.0,2300.0,0.0,3300.0
Oxford,0.0,0.0,0.0,450.0,0.0,450.0
Palo Alto,648.0,0.0,847.0,661.0,6217.0,8373.0
Paris,0.0,0.0,443.0,457.0,280.0,1180.0
Philadelphia,0.0,0.0,2300.0,766.0,0.0,3066.0
Phoenix,0.0,0.0,4095.0,714.0,80.0,4889.0
Pittsburgh,0.0,0.0,423.0,0.0,634.0,1057.0
Pleasanton,0.0,0.0,100.0,553.0,0.0,653.0
Portland,86.0,41.0,40.0,1324.0,1598.0,3089.0
Prague,0.0,0.0,0.0,0.0,100.0,100.0
Pune,0.0,0.0,0.0,30.0,0.0,30.0
Ra'anana,0.0,0.0,0.0,28.0,0.0,28.0
Raleigh,0.0,0.0,45.0,970.0,0.0,1015.0
Redwood City,50.0,0.0,180.0,1108.0,733.0,2071.0
Reno,0.0,0.0,69.0,104.0,0.0,173.0
Richmond,0.0,0.0,0.0,0.0,101.0,101.0
Sacramento,5.0,0.0,60.0,0.0,311.0,376.0
Salisbury,0.0,0.0,0.0,0.0,0.0,0.0
Salt Lake City,455.0,0.0,571.0,1200.0,0.0,2226.0
San Bruno,35.0,0.0,0.0,0.0,100.0,135.0
San Carlos,0.0,0.0,35.0,155.0,0.0,190.0
San Diego,0.0,0.0,910.0,1876.0,914.0,3700.0
San Francisco,21000.0,692.0,19787.0,25553.0,8475.0,75507.0
San Jose,330.0,0.0,4689.0,4862.0,7011.0,16892.0
San Leandro,0.0,0.0,0.0,0.0,0.0,0.0
San Luis Obispo,700.0,0.0,400.0,0.0,0.0,1100.0
San Mateo,287.0,0.0,550.0,479.0,1050.0,2366.0
San Rafael,0.0,0.0,120.0,0.0,0.0,120.0
Santa Barbara,0.0,0.0,0.0,149.0,0.0,149.0
Santa Clara,0.0,0.0,210.0,500.0,1425.0,2135.0
Santa Fe,12.0,0.0,0.0,0.0,0.0,12.0
Santiago,0.0,0.0,0.0,295.0,200.0,495.0
Sao Paulo,841.0,0.0,3387.0,1643.0,75.0,5946.0
Saskatoon,0.0,0.0,0.0,30.0,68.0,98.0
Seattle,776.0,2070.0,12855.0,29305.0,8253.0,53259.0
Seoul,0.0,0.0,0.0,350.0,0.0,350.0
Shanghai,0.0,0.0,180.0,0.0,70.0,250.0
Sheffield,0.0,0.0,0.0,0.0,0.0,0.0
Singapore,861.0,21.0,2844.0,1069.0,395.0,5190.0
Spokane,221.0,0.0,22.0,0.0,0.0,243.0
Stamford,160.0,0.0,294.0,0.0,0.0,454.0
Stockholm,0.0,0.0,1365.0,10800.0,350.0,12515.0
Sunnyvale,1050.0,0.0,0.0,3246.0,280.0,4576.0
Sydney,60.0,0.0,625.0,1280.0,60.0,2025.0
Tallinn,63.0,0.0,143.0,167.0,13.0,386.0
Tampa,0.0,0.0,0.0,0.0,80.0,80.0
Tampa Bay,0.0,0.0,0.0,30.0,0.0,30.0
Tel Aviv,224.0,0.0,1451.0,1260.0,1620.0,4555.0
Tokyo,0.0,0.0,0.0,120.0,9000.0,9120.0
Toronto,622.0,45.0,703.0,427.0,239.0,2036.0
Vancouver,155.0,0.0,778.0,266.0,100.0,1299.0
Vienna,0.0,0.0,270.0,0.0,100.0,370.0
Vilnius,0.0,0.0,0.0,0.0,0.0,0.0
Walldorf,0.0,0.0,0.0,3000.0,8000.0,11000.0
Walnut,0.0,0.0,448.0,285.0,0.0,733.0
Waltham,0.0,0.0,0.0,0.0,160.0,160.0
Warsaw,0.0,0.0,0.0,0.0,30.0,30.0
Washington DC,400.0,0.0,224.0,253.0,0.0,877.0
Waterloo,0.0,0.0,103.0,0.0,0.0,103.0
Wellington,0.0,0.0,0.0,800.0,0.0,800.0
Wilmington,0.0,0.0,0.0,100.0,0.0,100.0
Xi'an,0.0,0.0,0.0,0.0,0.0,0.0
Yavne,0.0,0.0,0.0,0.0,100.0,100.0
Zurich,62.0,0.0,0.0,0.0,0.0,62.0
